CPU Free%,MEM Free%,SWAP Free%,TimeOfLog
92.071609,6.570189,47.579777,Tue Dec  7 17:38:30 2021
87.958115,6.570389,47.579777,Tue Dec  7 17:38:31 2021
92.368423,6.560937,47.579777,Tue Dec  7 17:38:32 2021
90.439278,6.648288,47.579777,Tue Dec  7 17:38:33 2021
88.888893,6.661222,47.579777,Tue Dec  7 17:38:34 2021
83.589745,6.623615,47.579777,Tue Dec  7 17:38:35 2021
